session_ID,station_ID,port_ID,session_start,session_end,kWh_delivered,payment_required
2_39_95_27_2021-05-01 00:11:49.687283,39,2-39-95-27,2021-05-01T00:12:07Z,2021-05-01T05:04:23Z,33.313,TRUE
2_39_81_4550_2021-05-01 01:51:11.342721,39,2-39-81-4550,2021-05-01T01:51:32Z,2021-05-01T02:49:45Z,20.612,TRUE
2_39_81_4550_2021-05-01 02:51:43.003811,39,2-39-81-4550,2021-05-01T02:52:04Z,2021-05-01T03:38:52Z,4.84,TRUE
2_39_81_4550_2021-05-01 15:29:44.728788,39,2-39-81-4550,2021-05-01T15:30:17Z,2021-05-01T16:16:49Z,15.688,TRUE
2_39_81_4550_2021-05-01 18:03:59.010528,39,2-39-81-4550,2021-05-01T18:04:23Z,2021-05-01T18:38:21Z,22.834,TRUE
2_39_79_379_2021-05-01 19:00:23.802121,39,2-39-79-379,2021-05-01T19:01:17Z,2021-05-01T19:16:04Z,0.905,TRUE
2_39_79_379_2021-05-01 19:55:07.718798,39,2-39-79-379,2021-05-01T19:55:08Z,2021-05-02T01:33:15Z,0.732,
2_39_90_26_2021-05-01 20:01:50.548708,39,2-39-90-26,2021-05-01T20:02:06Z,2021-05-01T21:40:51Z,1.188,TRUE
2_39_81_4550_2021-05-01 20:42:39.133163,39,2-39-81-4550,2021-05-01T20:42:47Z,2021-05-01T21:32:12Z,30.936,TRUE
2_39_125_21_2021-05-01 21:56:05.026096,39,2-39-125-21,2021-05-01T21:56:16Z,2021-05-01T22:40:48Z,2.476,TRUE
2_39_81_4550_2021-05-02 01:49:53.883614,39,2-39-81-4550,2021-05-02T01:50:10Z,2021-05-02T04:12:59Z,53.82,TRUE
2_39_81_4550_2021-05-02 15:38:34.361379,39,2-39-81-4550,2021-05-02T15:38:57Z,2021-05-02T16:09:37Z,22.758,TRUE
2_39_81_4550_2021-05-02 17:49:49.847207,39,2-39-81-4550,2021-05-02T17:50:06Z,2021-05-02T22:42:58Z,42.892,TRUE
2_39_131_30_2021-05-02 20:08:26.214456,39,2-39-131-30,2021-05-02T20:08:26Z,2021-05-02T21:22:56Z,0.933,
2_39_131_30_2021-05-02 23:16:25.231570,39,2-39-131-30,2021-05-02T23:16:40Z,2021-05-03T01:09:07Z,10.219,TRUE
2_39_81_4550_2021-05-03 01:08:37.302887,39,2-39-81-4550,2021-05-03T01:08:44Z,2021-05-03T02:02:16Z,13.84,TRUE
2_39_81_4550_2021-05-03 15:28:37.691869,39,2-39-81-4550,2021-05-03T15:28:51Z,2021-05-03T15:53:54Z,6.332,TRUE
2_39_127_19_2021-05-03 16:07:48.186593,39,2-39-127-19,2021-05-03T16:07:48Z,2021-05-03T20:05:11Z,0.916,
2_39_131_30_2021-05-03 16:57:57.433116,39,2-39-131-30,2021-05-03T16:57:57Z,2021-05-04T00:06:20Z,0.94,
2_39_139_28_2021-05-03 17:54:53.859253,39,2-39-139-28,2021-05-03T17:55:06Z,2021-05-04T03:41:28Z,5.445,TRUE
2_39_138_29_2021-05-03 21:13:02.279875,39,2-39-138-29,2021-05-03T21:13:07Z,2021-05-04T00:03:15Z,6.429,TRUE
2_39_81_4550_2021-05-03 21:17:18.501648,39,2-39-81-4550,2021-05-03T21:17:28Z,2021-05-03T21:45:47Z,13.642,TRUE
2_39_125_21_2021-05-03 23:29:47.481303,39,2-39-125-21,2021-05-03T23:29:56Z,2021-05-04T00:48:29Z,0.861,TRUE
2_39_131_30_2021-05-04 01:18:17.760976,39,2-39-131-30,2021-05-04T01:18:22Z,2021-05-04T02:10:00Z,5.586,TRUE
2_39_81_4550_2021-05-04 01:55:20.926678,39,2-39-81-4550,2021-05-04T01:55:39Z,2021-05-04T02:40:33Z,22.352,TRUE
2_39_129_17_2021-05-04 15:00:42.972984,39,2-39-129-17,2021-05-04T15:00:53Z,2021-05-04T19:11:00Z,7.007,TRUE
2_39_139_28_2021-05-04 16:19:58.883387,39,2-39-139-28,2021-05-04T16:19:59Z,2021-05-05T00:12:24Z,5.948,TRUE
2_39_79_379_2021-05-04 17:42:36.063370,39,2-39-79-379,2021-05-04T17:42:37Z,2021-05-05T01:21:07Z,5.7,TRUE
2_39_79_377_2021-05-04 17:49:32.161585,39,2-39-79-377,2021-05-04T17:49:42Z,2021-05-04T21:44:41Z,26.212,TRUE
2_39_125_21_2021-05-04 17:56:01.285185,39,2-39-125-21,2021-05-04T17:56:09Z,2021-05-04T18:45:56Z,1.613,TRUE
2_39_91_437_2021-05-04 19:20:29.694048,39,2-39-91-437,2021-05-04T19:20:39Z,2021-05-04T21:36:48Z,7.771,TRUE
2_39_78_366_2021-05-04 20:35:19.020599,39,2-39-78-366,2021-05-04T20:35:23Z,2021-05-04T21:52:57Z,4.458,TRUE
2_39_131_30_2021-05-04 21:16:40.694850,39,2-39-131-30,2021-05-04T21:16:41Z,2021-05-04T21:40:24Z,0.608,
2_39_138_29_2021-05-04 21:18:47.729661,39,2-39-138-29,2021-05-04T21:18:55Z,2021-05-05T00:09:05Z,5.996,TRUE
2_39_78_365_2021-05-04 21:22:55.863869,39,2-39-78-365,2021-05-04T21:23:12Z,2021-05-04T23:20:41Z,1.929,TRUE
2_39_131_30_2021-05-04 21:43:37.132676,39,2-39-131-30,2021-05-04T21:43:37Z,2021-05-04T22:30:24Z,5.154,TRUE
2_39_131_30_2021-05-05 02:22:38.257837,39,2-39-131-30,2021-05-05T02:22:45Z,2021-05-05T06:30:18Z,15.025,TRUE
2_39_81_4550_2021-05-05 02:37:17.126892,39,2-39-81-4550,2021-05-05T02:37:26Z,2021-05-05T03:11:15Z,13.006,TRUE
2_39_125_21_2021-05-05 14:34:57.915557,39,2-39-125-21,2021-05-05T14:35:11Z,2021-05-05T15:34:19Z,3.268,TRUE
2_39_131_30_2021-05-05 15:09:26.881186,39,2-39-131-30,2021-05-05T15:09:37Z,2021-05-05T19:02:07Z,2.792,TRUE
2_39_139_28_2021-05-05 15:26:18.651072,39,2-39-139-28,2021-05-05T15:26:31Z,2021-05-05T18:51:02Z,6.333,TRUE
2_39_129_17_2021-05-05 15:26:42.378791,39,2-39-129-17,2021-05-05T15:26:46Z,2021-05-06T00:08:31Z,6.129,TRUE
2_39_79_379_2021-05-05 18:16:35.691587,39,2-39-79-379,2021-05-05T18:16:41Z,2021-05-05T23:56:30Z,5.792,TRUE
2_39_139_28_2021-05-05 19:12:18.120441,39,2-39-139-28,2021-05-05T19:12:28Z,2021-05-05T22:54:19Z,0.805,TRUE
2_39_131_30_2021-05-05 20:48:02.310274,39,2-39-131-30,2021-05-05T20:48:15Z,2021-05-06T06:05:20Z,16.18,TRUE
2_39_138_29_2021-05-05 21:14:47.495869,39,2-39-138-29,2021-05-05T21:14:55Z,2021-05-06T00:05:13Z,6.272,TRUE
2_39_81_4550_2021-05-06 00:58:33.580348,39,2-39-81-4550,2021-05-06T00:58:59Z,2021-05-06T01:26:11Z,5.402,TRUE
2_39_81_4550_2021-05-06 03:50:40.029985,39,2-39-81-4550,2021-05-06T03:51:25Z,2021-05-06T04:46:04Z,37.288,TRUE
2_39_81_4550_2021-05-06 05:19:22.977919,39,2-39-81-4550,2021-05-06T05:19:40Z,2021-05-06T06:14:12Z,36.762,TRUE
2_39_131_30_2021-05-06 15:09:06.278982,39,2-39-131-30,2021-05-06T15:09:13Z,2021-05-06T18:51:17Z,12.332,TRUE
2_39_138_29_2021-05-06 15:25:23.598188,39,2-39-138-29,2021-05-06T15:25:30Z,2021-05-06T20:37:21Z,6.051,TRUE
2_39_129_17_2021-05-06 15:51:19.875625,39,2-39-129-17,2021-05-06T15:51:48Z,2021-05-07T00:10:26Z,6.169,TRUE
2_39_127_19_2021-05-06 17:10:40.346669,39,2-39-127-19,2021-05-06T17:10:43Z,2021-05-06T18:19:45Z,3.165,TRUE
2_39_81_4550_2021-05-06 18:29:30.787670,39,2-39-81-4550,2021-05-06T18:30:32Z,2021-05-06T19:03:19Z,24.294,TRUE
2_39_125_21_2021-05-06 18:52:55.935796,39,2-39-125-21,2021-05-06T18:53:07Z,2021-05-06T19:38:03Z,2.484,TRUE
2_39_81_4550_2021-05-06 20:15:19.021468,39,2-39-81-4550,2021-05-06T20:15:35Z,2021-05-06T21:05:54Z,24.376,TRUE
2_39_81_4550_2021-05-06 21:52:40.311140,39,2-39-81-4550,2021-05-06T21:52:48Z,2021-05-06T22:28:10Z,13.306,TRUE
2_39_131_30_2021-05-07 01:23:19.619716,39,2-39-131-30,2021-05-07T01:23:32Z,2021-05-07T02:58:53Z,10.911,TRUE
2_39_81_4550_2021-05-07 01:41:08.827345,39,2-39-81-4550,2021-05-07T01:41:14Z,2021-05-07T02:05:55Z,7.844,TRUE
2_39_81_4550_2021-05-07 02:48:20.547147,39,2-39-81-4550,2021-05-07T02:48:27Z,2021-05-07T03:10:41Z,16.504,TRUE
2_39_81_4550_2021-05-07 04:37:11.198856,39,2-39-81-4550,2021-05-07T04:37:16Z,2021-05-07T05:10:15Z,14.422,TRUE
2_39_81_4550_2021-05-07 13:33:52.599274,39,2-39-81-4550,2021-05-07T13:34:15Z,2021-05-07T14:27:05Z,34.27,TRUE
2_39_131_30_2021-05-07 15:14:46.226295,39,2-39-131-30,2021-05-07T15:14:57Z,2021-05-07T22:21:27Z,23.287,TRUE
2_39_129_17_2021-05-07 15:24:10.290232,39,2-39-129-17,2021-05-07T15:24:17Z,2021-05-07T23:31:25Z,20.224,TRUE
2_39_79_380_2021-05-07 15:33:10.679381,39,2-39-79-380,2021-05-07T15:33:24Z,2021-05-07T22:12:04Z,8.87,TRUE
2_39_139_28_2021-05-07 15:38:43.321684,39,2-39-139-28,2021-05-07T15:38:56Z,2021-05-07T18:19:13Z,6.334,TRUE
2_39_81_4550_2021-05-07 15:44:17.030178,39,2-39-81-4550,2021-05-07T15:44:27Z,2021-05-07T16:54:23Z,24.02,TRUE
2_39_79_379_2021-05-07 17:10:56.335554,39,2-39-79-379,2021-05-07T17:11:07Z,2021-05-08T00:54:57Z,10.12,TRUE
2_39_81_4550_2021-05-07 20:52:40.228062,39,2-39-81-4550,2021-05-07T20:52:46Z,2021-05-07T22:21:06Z,51.928,TRUE
2_39_125_21_2021-05-07 22:55:38.331009,39,2-39-125-21,2021-05-07T22:55:48Z,2021-05-07T23:47:33Z,2.857,TRUE
2_39_81_4550_2021-05-08 00:29:58.291409,39,2-39-81-4550,2021-05-08T00:30:12Z,2021-05-08T01:32:40Z,39.366,TRUE
2_39_81_4550_2021-05-08 01:48:40.370687,39,2-39-81-4550,2021-05-08T01:48:48Z,2021-05-08T02:15:19Z,19.122,TRUE
2_39_81_4550_2021-05-08 04:18:42.795113,39,2-39-81-4550,2021-05-08T04:18:50Z,2021-05-08T04:46:21Z,7.584,TRUE
2_39_81_4550_2021-05-08 16:19:42.995370,39,2-39-81-4550,2021-05-08T16:19:55Z,2021-05-08T17:03:00Z,33.08,TRUE
2_39_79_380_2021-05-08 18:46:39.303034,39,2-39-79-380,2021-05-08T18:46:53Z,2021-05-08T20:21:04Z,3.577,TRUE
2_39_81_4550_2021-05-08 21:07:36.914873,39,2-39-81-4550,2021-05-08T21:07:46Z,2021-05-08T21:40:13Z,21.622,TRUE
2_39_125_21_2021-05-08 21:55:42.459611,39,2-39-125-21,2021-05-08T21:55:50Z,2021-05-08T22:40:14Z,2.462,TRUE
2_39_81_4550_2021-05-08 22:48:02.162432,39,2-39-81-4550,2021-05-08T22:48:07Z,2021-05-08T23:13:09Z,18.788,TRUE
2_39_81_4550_2021-05-09 02:20:40.010806,39,2-39-81-4550,2021-05-09T02:20:53Z,2021-05-09T02:55:33Z,20.384,TRUE
2_39_131_30_2021-05-09 02:25:42.779099,39,2-39-131-30,2021-05-09T02:25:43Z,2021-05-09T02:50:05Z,0.672,
2_39_131_30_2021-05-09 05:33:21.978888,39,2-39-131-30,2021-05-09T05:33:29Z,2021-05-09T19:43:14Z,8.257,TRUE
2_39_81_4550_2021-05-09 13:56:32.987321,39,2-39-81-4550,2021-05-09T13:56:39Z,2021-05-09T14:52:37Z,41.416,TRUE
2_39_79_379_2021-05-09 18:32:56.205150,39,2-39-79-379,2021-05-09T18:33:03Z,2021-05-10T01:48:19Z,9.417,TRUE
2_39_81_4550_2021-05-09 18:48:44.910611,39,2-39-81-4550,2021-05-09T18:48:58Z,2021-05-09T19:34:29Z,12.226,TRUE
2_39_130_31_2021-05-09 21:25:57.363733,39,2-39-130-31,2021-05-09T21:26:04Z,2021-05-09T22:46:12Z,8.651,TRUE
2_39_78_365_2021-05-10 00:19:56.928155,39,2-39-78-365,2021-05-10T00:20:16Z,2021-05-10T02:52:44Z,2.276,TRUE
2_39_139_28_2021-05-10 01:19:28.800651,39,2-39-139-28,2021-05-10T01:19:29Z,2021-05-10T02:10:07Z,1.87,TRUE
2_39_81_4550_2021-05-10 01:56:35.395130,39,2-39-81-4550,2021-05-10T01:56:39Z,2021-05-10T02:57:50Z,44.298,TRUE
2_39_81_4550_2021-05-10 03:23:00.768710,39,2-39-81-4550,2021-05-10T03:23:11Z,2021-05-10T03:29:59Z,4.524,TRUE
2_39_81_4550_2021-05-10 03:46:37.073533,39,2-39-81-4550,2021-05-10T03:46:40Z,2021-05-10T04:07:26Z,13.31,TRUE
2_39_79_380_2021-05-10 15:06:06.953578,39,2-39-79-380,2021-05-10T15:06:15Z,2021-05-11T01:56:16Z,43.752,TRUE
2_39_131_30_2021-05-10 15:21:28.328814,39,2-39-131-30,2021-05-10T15:21:31Z,2021-05-10T19:08:14Z,13.022,TRUE
2_39_139_28_2021-05-10 16:29:30.530041,39,2-39-139-28,2021-05-10T16:29:31Z,2021-05-11T00:11:10Z,5.861,TRUE
2_39_138_29_2021-05-10 19:26:16.046455,39,2-39-138-29,2021-05-10T19:26:27Z,2021-05-10T23:38:08Z,6.243,TRUE
2_39_81_4550_2021-05-10 21:49:34.948181,39,2-39-81-4550,2021-05-10T21:49:44Z,2021-05-10T22:42:27Z,21.316,TRUE
2_39_125_21_2021-05-10 23:28:06.107073,39,2-39-125-21,2021-05-10T23:28:15Z,2021-05-11T00:29:55Z,1.616,TRUE
2_39_139_28_2021-05-11 02:16:24.373798,39,2-39-139-28,2021-05-11T02:16:44Z,2021-05-11T02:38:05Z,2.447,TRUE
2_39_81_4550_2021-05-11 02:30:53.511937,39,2-39-81-4550,2021-05-11T02:31:02Z,2021-05-11T04:19:58Z,72.582,TRUE
2_39_79_383_2021-05-11 03:58:52.346595,39,2-39-79-383,2021-05-11T03:58:52Z,2021-05-11T07:13:28Z,17.449,TRUE
2_39_129_17_2021-05-11 14:40:47.960194,39,2-39-129-17,2021-05-11T14:41:01Z,2021-05-12T00:35:20Z,6.346,TRUE
2_39_81_4550_2021-05-11 15:42:29.943432,39,2-39-81-4550,2021-05-11T15:42:46Z,2021-05-11T16:45:46Z,46.616,TRUE
2_39_127_561_2021-05-11 16:57:56.230253,39,2-39-127-561,2021-05-11T16:57:56Z,2021-05-11T19:06:38Z,0.949,
2_39_79_379_2021-05-11 17:23:53.414768,39,2-39-79-379,2021-05-11T17:24:15Z,2021-05-12T01:25:17Z,10.018,TRUE
2_39_125_21_2021-05-11 19:58:47.422522,39,2-39-125-21,2021-05-11T19:58:56Z,2021-05-11T22:35:24Z,1.89,TRUE
2_39_79_377_2021-05-11 20:48:33.736669,39,2-39-79-377,2021-05-11T20:48:49Z,2021-05-12T05:12:34Z,10.709,TRUE
2_39_78_365_2021-05-11 20:53:15.240262,39,2-39-78-365,2021-05-11T20:53:48Z,2021-05-12T03:13:25Z,2.219,TRUE
2_39_139_28_2021-05-11 20:56:48.893155,39,2-39-139-28,2021-05-11T20:56:49Z,2021-05-12T00:14:38Z,0.787,
2_39_81_4550_2021-05-11 22:07:30.385687,39,2-39-81-4550,2021-05-11T22:07:37Z,2021-05-11T22:30:02Z,7.188,TRUE
2_39_81_4550_2021-05-12 01:03:30.432119,39,2-39-81-4550,2021-05-12T01:03:46Z,2021-05-12T01:24:36Z,9.754,TRUE
2_39_83_386_2021-05-12 02:01:15.914994,39,2-39-83-386,2021-05-12T02:01:16Z,2021-05-12T03:42:32Z,2.533,TRUE
2_39_81_4550_2021-05-12 02:52:43.024250,39,2-39-81-4550,2021-05-12T02:52:53Z,2021-05-12T04:00:03Z,16.962,TRUE
2_39_81_4550_2021-05-12 13:35:46.963955,39,2-39-81-4550,2021-05-12T13:36:03Z,2021-05-12T14:32:02Z,42.358,TRUE
2_39_79_380_2021-05-12 15:32:50.019390,39,2-39-79-380,2021-05-12T15:33:02Z,2021-05-13T00:19:34Z,3.936,TRUE
2_39_79_379_2021-05-12 16:59:21.191013,39,2-39-79-379,2021-05-12T16:59:21Z,2021-05-12T18:27:53Z,2.506,TRUE
2_39_139_28_2021-05-12 17:22:15.502381,39,2-39-139-28,2021-05-12T17:22:22Z,2021-05-13T02:20:04Z,6.207,TRUE
2_39_131_30_2021-05-12 18:44:43.892736,39,2-39-131-30,2021-05-12T18:45:03Z,2021-05-13T01:50:04Z,11.424,TRUE
2_39_129_17_2021-05-12 20:04:08.802050,39,2-39-129-17,2021-05-12T20:04:13Z,2021-05-13T00:03:53Z,4.614,TRUE
2_39_138_29_2021-05-12 21:13:11.290298,39,2-39-138-29,2021-05-12T21:13:19Z,2021-05-13T00:07:26Z,6.282,TRUE
2_39_79_378_2021-05-12 21:53:14.974222,39,2-39-79-378,2021-05-12T21:53:30Z,2021-05-13T04:26:08Z,8.304,TRUE
2_39_130_31_2021-05-12 23:12:07.828084,39,2-39-130-31,2021-05-12T23:12:27Z,2021-05-13T03:50:32Z,16.055,TRUE
2_39_125_21_2021-05-12 23:33:30.794255,39,2-39-125-21,2021-05-12T23:33:44Z,2021-05-13T00:31:23Z,1.908,TRUE
2_39_81_4550_2021-05-13 00:34:16.882154,39,2-39-81-4550,2021-05-13T00:34:44Z,2021-05-13T01:31:53Z,15.344,TRUE
2_39_128_18_2021-05-13 01:15:39.553753,39,2-39-128-18,2021-05-13T01:16:12Z,2021-05-13T02:38:22Z,9.324,TRUE
2_39_126_20_2021-05-13 01:43:25.931020,39,2-39-126-20,2021-05-13T01:44:14Z,2021-05-13T04:16:17Z,8.977,TRUE
2_39_81_4550_2021-05-13 03:09:18.193911,39,2-39-81-4550,2021-05-13T03:09:31Z,2021-05-13T04:18:31Z,37.65,TRUE
2_39_81_4550_2021-05-13 14:25:18.737320,39,2-39-81-4550,2021-05-13T14:25:32Z,2021-05-13T14:42:56Z,6.418,TRUE
2_39_81_4550_2021-05-13 15:56:14.319151,39,2-39-81-4550,2021-05-13T15:56:21Z,2021-05-13T16:34:33Z,27.088,TRUE
2_39_79_379_2021-05-13 16:10:48.774986,39,2-39-79-379,2021-05-13T16:10:49Z,2021-05-13T23:30:27Z,0.956,
2_39_79_377_2021-05-13 16:11:59.096872,39,2-39-79-377,2021-05-13T16:12:04Z,2021-05-14T01:20:38Z,9.79,TRUE
2_39_81_4550_2021-05-13 17:35:29.864993,39,2-39-81-4550,2021-05-13T17:36:04Z,2021-05-13T18:41:44Z,49.224,TRUE
2_39_129_17_2021-05-13 20:34:39.940196,39,2-39-129-17,2021-05-13T20:34:50Z,2021-05-13T23:59:45Z,2.6,TRUE
2_39_125_21_2021-05-13 21:57:59.858299,39,2-39-125-21,2021-05-13T21:58:15Z,2021-05-13T22:42:41Z,2.472,TRUE
2_39_79_376_2021-05-13 23:02:31.976653,39,2-39-79-376,2021-05-13T23:02:44Z,2021-05-14T05:53:09Z,9.953,TRUE
2_39_79_379_2021-05-13 23:30:48.847428,39,2-39-79-379,2021-05-13T23:30:55Z,2021-05-13T23:48:39Z,1.042,TRUE
2_39_81_4550_2021-05-13 23:39:45.325467,39,2-39-81-4550,2021-05-13T23:39:53Z,2021-05-14T00:28:36Z,28.404,TRUE
2_39_81_4550_2021-05-14 00:54:57.304708,39,2-39-81-4550,2021-05-14T00:54:59Z,2021-05-14T02:23:14Z,62.518,TRUE
2_39_79_383_2021-05-14 03:59:16.897493,39,2-39-79-383,2021-05-14T03:59:18Z,2021-05-14T08:31:21Z,9.084,TRUE
2_39_79_380_2021-05-14 15:11:30.749297,39,2-39-79-380,2021-05-14T15:11:44Z,2021-05-15T00:34:20Z,23.861,TRUE
2_39_79_378_2021-05-14 16:01:27.009929,39,2-39-79-378,2021-05-14T16:01:39Z,2021-05-14T19:49:53Z,25.407,TRUE
2_39_129_17_2021-05-14 16:08:00.846958,39,2-39-129-17,2021-05-14T16:08:10Z,2021-05-14T18:41:32Z,6.286,TRUE
2_39_78_365_2021-05-14 18:33:25.769596,39,2-39-78-365,2021-05-14T18:33:39Z,2021-05-14T20:15:41Z,1.917,TRUE
2_39_129_17_2021-05-14 18:56:36.440697,39,2-39-129-17,2021-05-14T18:56:55Z,2021-05-15T00:27:28Z,0.65,TRUE
2_39_81_4550_2021-05-14 20:22:25.264550,39,2-39-81-4550,2021-05-14T20:22:39Z,2021-05-14T20:37:27Z,6.434,TRUE
2_39_79_378_2021-05-14 21:17:14.995631,39,2-39-79-378,2021-05-14T21:17:26Z,2021-05-14T22:09:46Z,5.992,TRUE
2_39_131_30_2021-05-14 21:33:16.130565,39,2-39-131-30,2021-05-14T21:33:16Z,2021-05-14T23:46:28Z,12.066,TRUE
2_39_125_21_2021-05-14 21:55:19.387021,39,2-39-125-21,2021-05-14T21:55:28Z,2021-05-14T22:44:52Z,2.451,TRUE
2_39_78_365_2021-05-14 22:34:14.299342,39,2-39-78-365,2021-05-14T22:34:30Z,2021-05-14T23:50:09Z,2.377,TRUE
2_39_81_4550_2021-05-14 23:07:21.268667,39,2-39-81-4550,2021-05-14T23:07:24Z,2021-05-14T23:56:32Z,29.078,TRUE
2_39_81_4550_2021-05-15 00:22:19.239135,39,2-39-81-4550,2021-05-15T00:22:38Z,2021-05-15T01:04:33Z,20.964,TRUE
2_39_131_30_2021-05-15 01:01:07.404412,39,2-39-131-30,2021-05-15T01:01:17Z,2021-05-15T02:09:11Z,7.661,TRUE
2_39_81_4550_2021-05-15 03:31:23.770018,39,2-39-81-4550,2021-05-15T03:31:32Z,2021-05-15T04:33:41Z,12.136,TRUE
2_39_89_25_2021-05-15 14:57:50.367552,39,2-39-89-25,2021-05-15T14:58:04Z,2021-05-15T17:59:08Z,4.922,TRUE
2_39_81_4550_2021-05-15 16:30:26.561229,39,2-39-81-4550,2021-05-15T16:30:31Z,2021-05-15T16:52:40Z,6.342,TRUE
2_39_125_21_2021-05-15 18:53:51.262525,39,2-39-125-21,2021-05-15T18:54:05Z,2021-05-15T19:54:57Z,3.111,TRUE
2_39_79_379_2021-05-15 19:21:51.257279,39,2-39-79-379,2021-05-15T19:22:03Z,2021-05-16T00:52:47Z,9.966,TRUE
2_39_139_28_2021-05-15 19:37:41.864542,39,2-39-139-28,2021-05-15T19:38:03Z,2021-05-15T20:51:43Z,8.59,TRUE
2_39_81_4550_2021-05-15 20:40:40.688299,39,2-39-81-4550,2021-05-15T20:40:59Z,2021-05-15T21:44:04Z,19.192,TRUE
2_39_81_4550_2021-05-15 22:37:25.188750,39,2-39-81-4550,2021-05-15T22:37:31Z,2021-05-15T22:53:20Z,11.192,TRUE
2_39_91_437_2021-05-15 22:39:46.767512,39,2-39-91-437,2021-05-15T22:39:55Z,2021-05-16T04:21:43Z,37.692,TRUE
2_39_139_28_2021-05-16 00:36:02.519729,39,2-39-139-28,2021-05-16T00:36:12Z,2021-05-16T02:52:41Z,6.733,TRUE
2_39_78_361_2021-05-16 04:02:40.915606,39,2-39-78-361,2021-05-16T04:02:46Z,2021-05-16T07:53:59Z,8.068,TRUE
2_39_81_4550_2021-05-16 14:57:44.243099,39,2-39-81-4550,2021-05-16T14:57:57Z,2021-05-16T16:25:28Z,31.238,TRUE
2_39_81_4550_2021-05-16 16:55:01.847948,39,2-39-81-4550,2021-05-16T16:55:11Z,2021-05-16T18:02:20Z,29.458,TRUE
2_39_79_379_2021-05-16 18:32:37.556827,39,2-39-79-379,2021-05-16T18:32:47Z,2021-05-17T01:56:29Z,7.539,TRUE
2_39_131_30_2021-05-16 19:12:37.538989,39,2-39-131-30,2021-05-16T19:12:52Z,2021-05-17T01:56:23Z,6.819,TRUE
2_39_81_4550_2021-05-16 20:45:42.696190,39,2-39-81-4550,2021-05-16T20:45:59Z,2021-05-16T21:09:04Z,10.88,TRUE
2_39_81_4550_2021-05-16 22:23:25.485045,39,2-39-81-4550,2021-05-16T22:23:44Z,2021-05-16T23:34:49Z,48.686,TRUE
2_39_79_377_2021-05-16 22:35:43.124890,39,2-39-79-377,2021-05-16T22:35:57Z,2021-05-17T03:54:25Z,7.637,TRUE
2_39_139_28_2021-05-16 23:14:49.019901,39,2-39-139-28,2021-05-16T23:14:49Z,2021-05-17T02:07:49Z,6.105,TRUE
2_39_81_4550_2021-05-17 00:26:11.191068,39,2-39-81-4550,2021-05-17T00:26:17Z,2021-05-17T02:15:58Z,60.144,TRUE
2_39_78_365_2021-05-17 02:52:17.007442,39,2-39-78-365,2021-05-17T02:53:03Z,2021-05-17T04:12:19Z,2.41,TRUE
2_39_81_4550_2021-05-17 08:07:12.876104,39,2-39-81-4550,2021-05-17T08:07:18Z,2021-05-17T09:16:13Z,49.314,TRUE
2_39_81_4550_2021-05-17 13:43:53.163802,39,2-39-81-4550,2021-05-17T13:44:06Z,2021-05-17T13:58:54Z,5.74,TRUE
2_39_81_4550_2021-05-17 14:22:48.684792,39,2-39-81-4550,2021-05-17T14:23:07Z,2021-05-17T15:30:29Z,50.71,TRUE
2_39_138_29_2021-05-17 19:38:41.603197,39,2-39-138-29,2021-05-17T19:38:50Z,2021-05-17T23:36:33Z,6.422,TRUE
2_39_79_378_2021-05-17 21:25:30.667840,39,2-39-79-378,2021-05-17T21:25:45Z,2021-05-18T01:53:50Z,8.743,TRUE
2_39_139_28_2021-05-17 22:21:02.449454,39,2-39-139-28,2021-05-17T22:21:13Z,2021-05-18T06:33:20Z,15.796,TRUE
2_39_81_4550_2021-05-17 22:32:30.144373,39,2-39-81-4550,2021-05-17T22:32:48Z,2021-05-17T23:21:02Z,11.656,TRUE
2_39_81_4550_2021-05-17 23:29:23.576977,39,2-39-81-4550,2021-05-17T23:29:33Z,2021-05-18T00:16:25Z,32.78,TRUE
2_39_81_4550_2021-05-18 00:17:14.706411,39,2-39-81-4550,2021-05-18T00:17:21Z,2021-05-18T00:49:32Z,14.222,TRUE
2_39_81_4550_2021-05-18 01:36:51.920515,39,2-39-81-4550,2021-05-18T01:37:06Z,2021-05-18T02:34:09Z,5.102,TRUE
2_39_79_380_2021-05-18 15:08:56.497531,39,2-39-79-380,2021-05-18T15:09:08Z,2021-05-19T01:19:05Z,37.645,TRUE
2_39_81_4550_2021-05-18 16:20:18.384978,39,2-39-81-4550,2021-05-18T16:20:22Z,2021-05-18T16:58:27Z,19.136,TRUE
2_39_79_379_2021-05-18 17:48:43.632927,39,2-39-79-379,2021-05-18T17:48:57Z,2021-05-19T01:07:15Z,9.807,TRUE
2_39_89_25_2021-05-18 21:05:09.233732,39,2-39-89-25,2021-05-18T21:05:10Z,2021-05-18T21:54:26Z,1.334,TRUE
2_39_125_21_2021-05-18 21:11:10.116407,39,2-39-125-21,2021-05-18T21:11:17Z,2021-05-18T22:40:52Z,4.178,TRUE
2_39_81_4550_2021-05-18 21:14:17.247390,39,2-39-81-4550,2021-05-18T21:14:28Z,2021-05-18T22:11:40Z,19.13,TRUE
2_39_79_377_2021-05-18 22:48:54.148121,39,2-39-79-377,2021-05-18T22:48:54Z,2021-05-19T00:11:47Z,0.953,
2_39_81_4550_2021-05-19 00:27:56.290578,39,2-39-81-4550,2021-05-19T00:28:13Z,2021-05-19T02:24:43Z,9.584,TRUE
2_39_126_20_2021-05-19 01:37:20.821195,39,2-39-126-20,2021-05-19T01:37:39Z,2021-05-19T03:41:42Z,8.977,TRUE
2_39_81_4550_2021-05-19 02:25:15.265104,39,2-39-81-4550,2021-05-19T02:25:20Z,2021-05-19T03:02:48Z,20.052,TRUE
2_39_131_30_2021-05-19 15:03:37.043849,39,2-39-131-30,2021-05-19T15:03:44Z,2021-05-19T19:41:14Z,6.9,TRUE
2_39_129_17_2021-05-19 15:04:36.614337,39,2-39-129-17,2021-05-19T15:04:37Z,2021-05-19T17:17:57Z,9.917,TRUE
2_39_127_19_2021-05-19 17:42:54.063418,39,2-39-127-19,2021-05-19T17:43:00Z,2021-05-19T19:16:25Z,8.57,TRUE
2_39_139_28_2021-05-19 18:12:23.264409,39,2-39-139-28,2021-05-19T18:12:29Z,2021-05-20T02:10:52Z,4.403,TRUE
2_39_125_21_2021-05-19 18:44:51.709275,39,2-39-125-21,2021-05-19T18:45:06Z,2021-05-19T19:57:40Z,2.364,TRUE
2_39_82_385_2021-05-19 18:47:00.896394,39,2-39-82-385,2021-05-19T18:47:01Z,2021-05-19T19:32:40Z,0.806,
2_39_79_380_2021-05-19 19:30:49.072258,39,2-39-79-380,2021-05-19T19:31:38Z,2021-05-19T20:58:12Z,5.426,TRUE
2_39_91_437_2021-05-19 19:58:19.267411,39,2-39-91-437,2021-05-19T19:58:30Z,2021-05-19T22:10:43Z,14.217,TRUE
2_39_81_4550_2021-05-19 20:01:40.163921,39,2-39-81-4550,2021-05-19T20:01:47Z,2021-05-19T20:16:25Z,11.044,TRUE
2_39_78_365_2021-05-19 21:18:23.286847,39,2-39-78-365,2021-05-19T21:18:45Z,2021-05-20T04:39:25Z,2.137,TRUE
2_39_131_30_2021-05-19 21:35:20.174960,39,2-39-131-30,2021-05-19T21:35:27Z,2021-05-20T06:08:48Z,15.758,TRUE
2_39_81_4550_2021-05-20 00:47:10.591684,39,2-39-81-4550,2021-05-20T00:47:18Z,2021-05-20T02:05:40Z,57.648,TRUE
2_39_91_437_2021-05-20 01:44:35.899210,39,2-39-91-437,2021-05-20T01:45:01Z,2021-05-20T04:27:07Z,11.648,TRUE
2_39_81_4550_2021-05-20 03:23:31.082353,39,2-39-81-4550,2021-05-20T03:23:48Z,2021-05-20T04:05:16Z,28.338,TRUE
2_39_79_383_2021-05-20 04:21:53.543524,39,2-39-79-383,2021-05-20T04:21:58Z,2021-05-20T08:57:54Z,28.409,TRUE
2_39_79_379_2021-05-20 17:37:49.386183,39,2-39-79-379,2021-05-20T17:37:55Z,2021-05-21T01:20:06Z,9.825,TRUE
2_39_128_18_2021-05-20 17:43:19.072380,39,2-39-128-18,2021-05-20T17:43:19Z,2021-05-20T19:29:09Z,0.883,
2_39_131_30_2021-05-20 17:50:27.141970,39,2-39-131-30,2021-05-20T17:50:30Z,2021-05-20T18:53:46Z,6.615,TRUE
2_39_125_21_2021-05-20 21:13:05.542386,39,2-39-125-21,2021-05-20T21:13:11Z,2021-05-20T22:42:08Z,2,TRUE
2_39_78_365_2021-05-20 22:24:57.132294,39,2-39-78-365,2021-05-20T22:25:20Z,2021-05-21T06:51:25Z,2.369,TRUE
2_39_139_28_2021-05-20 22:33:19.173564,39,2-39-139-28,2021-05-20T22:33:25Z,2021-05-21T02:37:32Z,13.87,TRUE
2_39_131_30_2021-05-20 23:44:14.267965,39,2-39-131-30,2021-05-20T23:44:14Z,2021-05-21T02:11:53Z,0.921,
2_39_81_4550_2021-05-21 00:51:55.577274,39,2-39-81-4550,2021-05-21T00:52:07Z,2021-05-21T03:56:38Z,23.692,TRUE
2_39_79_383_2021-05-21 04:32:43.183349,39,2-39-79-383,2021-05-21T04:32:46Z,2021-05-21T06:40:54Z,11.271,TRUE
2_39_81_4550_2021-05-21 04:50:23.640122,39,2-39-81-4550,2021-05-21T04:50:33Z,2021-05-21T05:47:39Z,12.982,TRUE
2_39_81_4550_2021-05-21 13:39:29.378976,39,2-39-81-4550,2021-05-21T13:39:34Z,2021-05-21T14:37:57Z,37.55,TRUE
2_39_139_28_2021-05-21 15:30:12.695924,39,2-39-139-28,2021-05-21T15:30:22Z,2021-05-22T00:25:58Z,6.333,TRUE
2_39_79_380_2021-05-21 16:28:41.729082,39,2-39-79-380,2021-05-21T16:28:58Z,2021-05-21T22:05:38Z,6.399,TRUE
2_39_131_30_2021-05-21 17:03:36.483770,39,2-39-131-30,2021-05-21T17:03:44Z,2021-05-22T03:36:19Z,14.61,TRUE
2_39_128_18_2021-05-21 18:05:03.251988,39,2-39-128-18,2021-05-21T18:05:12Z,2021-05-21T19:22:58Z,3.601,TRUE
2_39_81_4550_2021-05-21 18:16:10.691547,39,2-39-81-4550,2021-05-21T18:16:45Z,2021-05-21T18:46:49Z,17.514,TRUE
2_39_81_4550_2021-05-21 19:05:02.138337,39,2-39-81-4550,2021-05-21T19:05:10Z,2021-05-21T20:21:41Z,26.048,TRUE
2_39_78_365_2021-05-21 21:02:31.211457,39,2-39-78-365,2021-05-21T21:02:53Z,2021-05-22T06:53:15Z,2.393,TRUE
2_39_81_4550_2021-05-21 21:03:00.954297,39,2-39-81-4550,2021-05-21T21:03:11Z,2021-05-21T21:12:31Z,5.696,TRUE
2_39_130_31_2021-05-21 21:24:48.898876,39,2-39-130-31,2021-05-21T21:24:54Z,2021-05-22T00:05:25Z,6.328,TRUE
2_39_81_4550_2021-05-21 22:40:26.455171,39,2-39-81-4550,2021-05-21T22:40:44Z,2021-05-21T22:54:58Z,8.756,TRUE
2_39_81_4550_2021-05-21 23:14:06.467559,39,2-39-81-4550,2021-05-21T23:14:12Z,2021-05-21T23:57:41Z,26.906,TRUE
2_39_81_4550_2021-05-22 00:39:59.296758,39,2-39-81-4550,2021-05-22T00:40:14Z,2021-05-22T01:06:00Z,10.05,TRUE
2_39_81_4550_2021-05-22 01:15:07.051924,39,2-39-81-4550,2021-05-22T01:15:18Z,2021-05-22T01:42:19Z,18.952,TRUE
2_39_139_28_2021-05-22 01:27:59.600456,39,2-39-139-28,2021-05-22T01:28:06Z,2021-05-22T02:24:04Z,3.084,TRUE
2_39_91_437_2021-05-22 01:47:26.854060,39,2-39-91-437,2021-05-22T01:47:38Z,2021-05-22T17:32:45Z,20.501,TRUE
2_39_81_4550_2021-05-22 02:46:31.595437,39,2-39-81-4550,2021-05-22T02:46:39Z,2021-05-22T03:35:47Z,35.188,TRUE
2_39_131_30_2021-05-22 14:48:19.997350,39,2-39-131-30,2021-05-22T14:48:26Z,2021-05-22T16:11:12Z,7.323,TRUE
2_39_139_28_2021-05-22 17:05:46.544913,39,2-39-139-28,2021-05-22T17:06:00Z,2021-05-22T17:43:41Z,4.358,TRUE
2_39_81_4550_2021-05-22 18:32:32.000473,39,2-39-81-4550,2021-05-22T18:32:40Z,2021-05-22T19:11:41Z,7.688,TRUE
2_39_138_29_2021-05-22 18:51:41.954790,39,2-39-138-29,2021-05-22T18:51:55Z,2021-05-22T20:12:17Z,9.605,TRUE
2_39_81_4550_2021-05-22 20:38:21.536686,39,2-39-81-4550,2021-05-22T20:38:36Z,2021-05-22T20:54:37Z,10.928,TRUE
2_39_131_30_2021-05-22 23:33:53.271887,39,2-39-131-30,2021-05-22T23:34:01Z,2021-05-23T04:04:04Z,13.747,TRUE
2_39_78_365_2021-05-23 00:23:42.177261,39,2-39-78-365,2021-05-23T00:24:02Z,2021-05-23T06:04:25Z,2.364,TRUE
2_39_81_4550_2021-05-23 03:13:05.888655,39,2-39-81-4550,2021-05-23T03:13:11Z,2021-05-23T03:53:05Z,12.848,TRUE
2_39_81_4550_2021-05-23 16:18:20.919849,39,2-39-81-4550,2021-05-23T16:18:33Z,2021-05-23T16:52:13Z,23.188,TRUE
2_39_131_30_2021-05-23 19:08:46.665113,39,2-39-131-30,2021-05-23T19:08:47Z,2021-05-23T20:07:46Z,3.458,TRUE
2_39_139_28_2021-05-23 19:32:05.739546,39,2-39-139-28,2021-05-23T19:32:26Z,2021-05-23T20:42:57Z,6.405,TRUE
2_39_81_4550_2021-05-23 19:54:14.038658,39,2-39-81-4550,2021-05-23T19:54:15Z,2021-05-23T21:13:50Z,48.774,TRUE
2_39_78_365_2021-05-23 23:03:28.391324,39,2-39-78-365,2021-05-23T23:03:49Z,2021-05-24T04:14:56Z,2.356,TRUE
2_39_130_31_2021-05-24 00:40:36.200173,39,2-39-130-31,2021-05-24T00:40:42Z,2021-05-24T02:02:47Z,4.781,TRUE
2_39_139_28_2021-05-24 01:39:41.030654,39,2-39-139-28,2021-05-24T01:39:54Z,2021-05-24T02:14:11Z,1.259,TRUE
2_39_131_30_2021-05-24 02:21:58.329120,39,2-39-131-30,2021-05-24T02:22:08Z,2021-05-24T05:43:46Z,13.807,TRUE
2_39_81_4550_2021-05-24 04:00:46.954871,39,2-39-81-4550,2021-05-24T04:00:52Z,2021-05-24T04:19:31Z,5.506,TRUE
2_39_81_4550_2021-05-24 09:35:57.218539,39,2-39-81-4550,2021-05-24T09:36:07Z,2021-05-24T10:06:58Z,10.274,TRUE
2_39_79_378_2021-05-24 14:09:02.463840,39,2-39-79-378,2021-05-24T14:09:13Z,2021-05-24T23:51:08Z,29.226,TRUE
2_39_125_21_2021-05-24 14:42:06.246821,39,2-39-125-21,2021-05-24T14:42:21Z,2021-05-24T15:42:39Z,0.939,TRUE
2_39_79_380_2021-05-24 15:32:33.899240,39,2-39-79-380,2021-05-24T15:32:48Z,2021-05-24T22:09:17Z,5.643,TRUE
2_39_139_28_2021-05-24 17:04:16.816985,39,2-39-139-28,2021-05-24T17:04:23Z,2021-05-25T01:15:28Z,6.107,TRUE
2_39_129_17_2021-05-24 18:06:52.512980,39,2-39-129-17,2021-05-24T18:06:53Z,2021-05-24T18:57:03Z,2.314,TRUE
2_39_81_4550_2021-05-24 18:47:19.827139,39,2-39-81-4550,2021-05-24T18:47:34Z,2021-05-24T19:06:23Z,13.346,TRUE
2_39_78_365_2021-05-24 19:28:53.070300,39,2-39-78-365,2021-05-24T19:28:53Z,2021-05-24T20:00:37Z,0.847,
2_39_78_365_2021-05-24 20:00:42.366592,39,2-39-78-365,2021-05-24T20:00:42Z,2021-05-24T20:32:59Z,0.836,
2_39_91_437_2021-05-24 20:33:58.359519,39,2-39-91-437,2021-05-24T20:33:58Z,2021-05-24T21:12:00Z,0.835,
2_39_130_31_2021-05-24 20:55:07.871442,39,2-39-130-31,2021-05-24T20:55:18Z,2021-05-25T00:08:09Z,5.957,TRUE
2_39_81_4550_2021-05-24 21:08:45.203385,39,2-39-81-4550,2021-05-24T21:09:12Z,2021-05-24T21:29:57Z,14.83,TRUE
2_39_91_437_2021-05-24 21:12:03.715316,39,2-39-91-437,2021-05-24T21:12:04Z,2021-05-24T21:43:27Z,0.856,
2_39_81_4550_2021-05-24 21:32:14.201026,39,2-39-81-4550,2021-05-24T21:32:34Z,2021-05-24T22:26:09Z,13.634,TRUE
2_39_81_4550_2021-05-24 22:49:32.066162,39,2-39-81-4550,2021-05-24T22:49:45Z,2021-05-24T23:41:33Z,5.09,TRUE
2_39_129_17_2021-05-24 23:01:16.035471,39,2-39-129-17,2021-05-24T23:01:23Z,2021-05-25T03:01:54Z,14.667,TRUE
2_39_126_20_2021-05-25 01:30:35.424922,39,2-39-126-20,2021-05-25T01:30:54Z,2021-05-25T02:43:01Z,3.455,TRUE
2_39_81_4550_2021-05-25 04:08:44.057696,39,2-39-81-4550,2021-05-25T04:08:59Z,2021-05-25T05:23:17Z,41.188,TRUE
2_39_81_4550_2021-05-25 13:26:18.492172,39,2-39-81-4550,2021-05-25T13:26:38Z,2021-05-25T14:07:41Z,23.452,TRUE
2_39_139_28_2021-05-25 15:00:34.071865,39,2-39-139-28,2021-05-25T15:00:46Z,2021-05-25T20:04:02Z,4.838,TRUE
2_39_129_17_2021-05-25 15:11:08.757483,39,2-39-129-17,2021-05-25T15:11:16Z,2021-05-25T19:53:49Z,7.361,TRUE
2_39_79_380_2021-05-25 15:20:09.954055,39,2-39-79-380,2021-05-25T15:20:22Z,2021-05-26T00:14:27Z,48.774,TRUE
2_39_79_379_2021-05-25 15:32:52.832481,39,2-39-79-379,2021-05-25T15:33:00Z,2021-05-26T01:13:51Z,9.516,TRUE
2_39_127_19_2021-05-25 16:58:01.214850,39,2-39-127-19,2021-05-25T16:58:13Z,2021-05-25T23:24:34Z,43.423,TRUE
2_39_81_4550_2021-05-25 17:09:43.260716,39,2-39-81-4550,2021-05-25T17:09:56Z,2021-05-25T18:04:33Z,28.282,TRUE
2_39_131_30_2021-05-25 18:17:23.513518,39,2-39-131-30,2021-05-25T18:17:30Z,2021-05-26T04:40:55Z,15.628,TRUE
2_39_81_4550_2021-05-25 19:55:01.118804,39,2-39-81-4550,2021-05-25T19:55:13Z,2021-05-25T20:14:13Z,13.7,TRUE
2_39_139_28_2021-05-25 20:28:28.248147,39,2-39-139-28,2021-05-25T20:28:38Z,2021-05-26T00:27:12Z,0.862,TRUE
2_39_81_4550_2021-05-25 20:30:17.056593,39,2-39-81-4550,2021-05-25T20:30:25Z,2021-05-25T20:38:25Z,2.602,TRUE
2_39_81_4550_2021-05-25 20:38:37.847182,39,2-39-81-4550,2021-05-25T20:38:48Z,2021-05-25T21:18:58Z,14.144,TRUE
2_39_138_29_2021-05-25 21:21:33.622385,39,2-39-138-29,2021-05-25T21:21:40Z,2021-05-26T00:08:21Z,4.077,TRUE
2_39_125_21_2021-05-25 22:12:19.453716,39,2-39-125-21,2021-05-25T22:12:31Z,2021-05-25T23:42:57Z,3.428,TRUE
2_39_78_365_2021-05-25 22:35:31.753167,39,2-39-78-365,2021-05-25T22:35:53Z,2021-05-26T04:25:32Z,2.321,TRUE
2_39_81_4550_2021-05-26 00:55:42.922262,39,2-39-81-4550,2021-05-26T00:55:55Z,2021-05-26T01:35:59Z,21.018,TRUE
2_39_81_4550_2021-05-26 01:55:33.817701,39,2-39-81-4550,2021-05-26T01:55:45Z,2021-05-26T02:55:21Z,13.788,TRUE
2_39_83_386_2021-05-26 01:57:20.149481,39,2-39-83-386,2021-05-26T01:57:20Z,2021-05-26T03:27:05Z,2.508,TRUE
2_39_81_4550_2021-05-26 03:41:43.072749,39,2-39-81-4550,2021-05-26T03:41:51Z,2021-05-26T04:20:54Z,13.83,TRUE
2_39_81_4550_2021-05-26 15:29:29.160677,39,2-39-81-4550,2021-05-26T15:29:39Z,2021-05-26T16:21:21Z,18.796,TRUE
2_39_79_380_2021-05-26 15:45:01.111799,39,2-39-79-380,2021-05-26T15:45:07Z,2021-05-26T20:58:04Z,3.794,TRUE
2_39_139_28_2021-05-26 17:42:41.790877,39,2-39-139-28,2021-05-26T17:42:51Z,2021-05-27T00:37:53Z,13.223,TRUE
2_39_125_21_2021-05-26 18:23:43.696744,39,2-39-125-21,2021-05-26T18:23:53Z,2021-05-26T19:01:39Z,1.349,TRUE
2_39_138_29_2021-05-26 19:10:03.311159,39,2-39-138-29,2021-05-26T19:10:12Z,2021-05-27T02:02:54Z,6.229,TRUE
2_39_81_4550_2021-05-26 20:09:22.575972,39,2-39-81-4550,2021-05-26T20:09:30Z,2021-05-26T20:37:18Z,9.566,TRUE
2_39_78_365_2021-05-26 22:10:46.747812,39,2-39-78-365,2021-05-26T22:11:01Z,2021-05-26T23:51:39Z,2.289,TRUE
2_39_81_4550_2021-05-26 23:21:36.915213,39,2-39-81-4550,2021-05-26T23:21:48Z,2021-05-27T00:02:58Z,18.016,TRUE
2_39_81_4550_2021-05-27 00:41:39.566526,39,2-39-81-4550,2021-05-27T00:41:51Z,2021-05-27T01:47:46Z,22.752,TRUE
2_39_81_4550_2021-05-27 03:38:07.642312,39,2-39-81-4550,2021-05-27T03:38:22Z,2021-05-27T04:10:23Z,24.11,TRUE
2_39_79_383_2021-05-27 04:53:19.823494,39,2-39-79-383,2021-05-27T04:53:20Z,2021-05-27T07:01:30Z,14.639,TRUE
2_39_81_4550_2021-05-27 14:14:40.950168,39,2-39-81-4550,2021-05-27T14:15:08Z,2021-05-27T14:20:06Z,2.522,TRUE
2_39_81_4550_2021-05-27 14:20:13.866063,39,2-39-81-4550,2021-05-27T14:20:24Z,2021-05-27T14:46:30Z,18.634,TRUE
2_39_81_4550_2021-05-27 15:31:45.019286,39,2-39-81-4550,2021-05-27T15:32:00Z,2021-05-27T16:42:38Z,52.512,TRUE
2_39_79_379_2021-05-27 17:34:53.354651,39,2-39-79-379,2021-05-27T17:35:04Z,2021-05-28T01:14:10Z,10.157,TRUE
2_39_81_4550_2021-05-27 17:35:07.550313,39,2-39-81-4550,2021-05-27T17:35:43Z,2021-05-27T18:05:07Z,22.32,TRUE
2_39_138_29_2021-05-27 19:22:55.744128,39,2-39-138-29,2021-05-27T19:23:05Z,2021-05-27T23:37:46Z,6.21,TRUE
2_39_131_30_2021-05-27 20:42:33.649551,39,2-39-131-30,2021-05-27T20:42:42Z,2021-05-28T03:34:17Z,16.179,TRUE
2_39_129_17_2021-05-27 21:33:16.865316,39,2-39-129-17,2021-05-27T21:33:19Z,2021-05-27T22:27:46Z,3.025,TRUE
2_39_78_365_2021-05-27 21:52:19.956757,39,2-39-78-365,2021-05-27T21:52:28Z,2021-05-28T03:29:59Z,2.117,TRUE
2_39_81_4550_2021-05-27 22:28:39.848866,39,2-39-81-4550,2021-05-27T22:28:45Z,2021-05-27T22:51:57Z,11.008,TRUE
2_39_81_4550_2021-05-28 01:32:07.181179,39,2-39-81-4550,2021-05-28T01:32:19Z,2021-05-28T02:10:58Z,25.968,TRUE
2_39_81_4550_2021-05-28 02:14:14.027100,39,2-39-81-4550,2021-05-28T02:14:25Z,2021-05-28T02:28:19Z,2.576,TRUE
2_39_81_4550_2021-05-28 03:13:20.501555,39,2-39-81-4550,2021-05-28T03:13:29Z,2021-05-28T03:59:01Z,13.422,TRUE
2_39_81_4550_2021-05-28 13:32:29.704426,39,2-39-81-4550,2021-05-28T13:32:40Z,2021-05-28T14:47:00Z,47.794,TRUE
2_39_139_28_2021-05-28 15:16:45.552138,39,2-39-139-28,2021-05-28T15:16:58Z,2021-05-28T22:32:09Z,5.345,TRUE
2_39_79_380_2021-05-28 15:26:11.460522,39,2-39-79-380,2021-05-28T15:26:19Z,2021-05-28T22:13:54Z,4.93,TRUE
2_39_79_378_2021-05-28 15:43:22.367249,39,2-39-79-378,2021-05-28T15:43:35Z,2021-05-28T19:43:40Z,19.81,TRUE
2_39_81_4550_2021-05-28 17:04:45.646414,39,2-39-81-4550,2021-05-28T17:04:49Z,2021-05-28T18:25:14Z,40.298,TRUE
2_39_79_379_2021-05-28 18:35:51.588037,39,2-39-79-379,2021-05-28T18:36:03Z,2021-05-29T02:22:46Z,8.525,TRUE
2_39_78_365_2021-05-28 21:12:24.735105,39,2-39-78-365,2021-05-28T21:12:42Z,2021-05-29T04:11:37Z,2.329,TRUE
2_39_81_4550_2021-05-28 21:48:06.763450,39,2-39-81-4550,2021-05-28T21:48:16Z,2021-05-28T22:21:56Z,14.176,TRUE
2_39_125_21_2021-05-28 22:34:11.516342,39,2-39-125-21,2021-05-28T22:34:24Z,2021-05-28T23:31:30Z,3.192,TRUE
2_39_81_4550_2021-05-28 23:13:15.955094,39,2-39-81-4550,2021-05-28T23:13:40Z,2021-05-28T23:44:02Z,22.016,TRUE
2_39_81_4550_2021-05-29 01:25:45.855394,39,2-39-81-4550,2021-05-29T01:26:01Z,2021-05-29T01:59:53Z,17.506,TRUE
2_39_91_437_2021-05-29 01:27:49.894952,39,2-39-91-437,2021-05-29T01:28:10Z,2021-05-29T22:28:58Z,38.558,TRUE
2_39_81_4550_2021-05-29 02:03:16.039792,39,2-39-81-4550,2021-05-29T02:03:20Z,2021-05-29T03:05:31Z,7.156,TRUE
2_39_81_4550_2021-05-29 04:40:02.843250,39,2-39-81-4550,2021-05-29T04:40:15Z,2021-05-29T05:09:56Z,7.978,TRUE
2_39_81_4550_2021-05-29 15:18:32.122525,39,2-39-81-4550,2021-05-29T15:18:52Z,2021-05-29T16:48:19Z,37.498,TRUE
2_39_89_25_2021-05-29 15:50:32.668071,39,2-39-89-25,2021-05-29T15:50:46Z,2021-05-29T17:16:40Z,1.22,TRUE
2_39_81_4550_2021-05-29 17:03:37.322884,39,2-39-81-4550,2021-05-29T17:03:59Z,2021-05-29T18:10:58Z,32.612,TRUE
2_39_129_17_2021-05-29 18:14:24.122161,39,2-39-129-17,2021-05-29T18:14:24Z,2021-05-29T19:43:38Z,9.776,TRUE
2_39_81_4550_2021-05-29 19:06:28.890466,39,2-39-81-4550,2021-05-29T19:06:37Z,2021-05-29T20:17:56Z,31.546,TRUE
2_39_125_21_2021-05-29 21:09:04.771129,39,2-39-125-21,2021-05-29T21:09:17Z,2021-05-29T22:38:41Z,3.539,TRUE
2_39_81_4550_2021-05-29 23:55:00.187028,39,2-39-81-4550,2021-05-29T23:55:04Z,2021-05-30T00:47:14Z,11.96,TRUE
2_39_81_4550_2021-05-30 02:38:35.532421,39,2-39-81-4550,2021-05-30T02:38:42Z,2021-05-30T03:10:44Z,20.176,TRUE
2_39_129_17_2021-05-30 16:30:31.084719,39,2-39-129-17,2021-05-30T16:30:42Z,2021-05-30T16:37:50Z,0.819,TRUE
2_39_81_4550_2021-05-30 16:51:17.514407,39,2-39-81-4550,2021-05-30T16:51:24Z,2021-05-30T18:54:55Z,65.04,TRUE
2_39_131_30_2021-05-30 19:07:17.731557,39,2-39-131-30,2021-05-30T19:07:26Z,2021-05-30T19:59:26Z,3.005,TRUE
2_39_79_379_2021-05-30 19:38:45.336317,39,2-39-79-379,2021-05-30T19:38:45Z,2021-05-30T22:22:45Z,6.078,TRUE
2_39_91_437_2021-05-30 22:34:44.006964,39,2-39-91-437,2021-05-30T22:35:44Z,2021-05-31T21:40:58Z,33.513,TRUE
2_39_81_4550_2021-05-31 03:54:41.466025,39,2-39-81-4550,2021-05-31T03:54:55Z,2021-05-31T04:53:46Z,30.976,TRUE
2_39_81_4550_2021-05-31 13:44:13.237137,39,2-39-81-4550,2021-05-31T13:44:17Z,2021-05-31T14:17:55Z,24.83,TRUE
2_39_125_21_2021-05-31 14:55:19.449262,39,2-39-125-21,2021-05-31T14:55:31Z,2021-05-31T15:56:32Z,3.133,TRUE
2_39_81_4550_2021-05-31 15:31:36.114014,39,2-39-81-4550,2021-05-31T15:32:01Z,2021-05-31T16:31:37Z,13.314,TRUE
2_39_130_31_2021-05-31 18:46:02.996152,39,2-39-130-31,2021-05-31T18:46:03Z,2021-05-31T19:52:10Z,3.775,TRUE
2_39_81_4550_2021-05-31 20:34:59.494496,39,2-39-81-4550,2021-05-31T20:35:13Z,2021-05-31T21:29:07Z,20.242,TRUE
2_39_81_4550_2021-05-31 23:22:41.063764,39,2-39-81-4550,2021-05-31T23:22:48Z,2021-05-31T23:59:53Z,23.38,TRUE
